iter	RMSE
0	0.4909408871
50	0.4388674393
100	0.4171274083
150	0.4041685556
200	0.3932319448
250	0.3828848662
300	0.3735158936
